order_date,product,region,units_sold,revenue
2026-01-15,Aurora Blend,North,78,10806
2026-01-15,Aurora Blend,South,74,13292
2026-01-15,Aurora Blend,East,73,11042
2026-01-15,Aurora Blend,West,52,9099
2026-01-15,Nordic Roast,North,38,6761
2026-01-15,Nordic Roast,South,67,8844
2026-01-15,Nordic Roast,East,72,8896
2026-01-15,Nordic Roast,West,48,5835
2026-01-15,Cascade Tea,North,25,4031
2026-01-15,Cascade Tea,South,39,6517
2026-01-15,Cascade Tea,East,40,4960
2026-01-15,Cascade Tea,West,25,3735
2026-01-15,Ember Cocoa,North,16,2734
2026-01-15,Ember Cocoa,South,19,3265
2026-01-15,Ember Cocoa,East,22,2682
2026-01-15,Ember Cocoa,West,15,2492
2026-02-15,Aurora Blend,North,72,12110
2026-02-15,Aurora Blend,South,91,15025
2026-02-15,Aurora Blend,East,67,9401
2026-02-15,Aurora Blend,West,48,7624
2026-02-15,Nordic Roast,North,56,7777
2026-02-15,Nordic Roast,South,79,10952
2026-02-15,Nordic Roast,East,58,8965
2026-02-15,Nordic Roast,West,39,5722
2026-02-15,Cascade Tea,North,34,4917
2026-02-15,Cascade Tea,South,33,5649
2026-02-15,Cascade Tea,East,35,4955
2026-02-15,Cascade Tea,West,26,3997
2026-02-15,Ember Cocoa,North,20,3026
2026-02-15,Ember Cocoa,South,29,3593
2026-02-15,Ember Cocoa,East,21,3205
2026-02-15,Ember Cocoa,West,17,2401
2026-03-15,Aurora Blend,North,90,11176
2026-03-15,Aurora Blend,South,116,15328
2026-03-15,Aurora Blend,East,59,10049
2026-03-15,Aurora Blend,West,58,9121
2026-03-15,Nordic Roast,North,70,9455
2026-03-15,Nordic Roast,South,72,10401
2026-03-15,Nordic Roast,East,54,8700
2026-03-15,Nordic Roast,West,46,6003
2026-03-15,Cascade Tea,North,34,4118
2026-03-15,Cascade Tea,South,28,4648
2026-03-15,Cascade Tea,East,29,4295
2026-03-15,Cascade Tea,West,20,2979
2026-03-15,Ember Cocoa,North,22,3001
2026-03-15,Ember Cocoa,South,33,4467
2026-03-15,Ember Cocoa,East,27,3332
2026-03-15,Ember Cocoa,West,17,2812
2026-04-15,Aurora Blend,North,89,11578
2026-04-15,Aurora Blend,South,118,16144
2026-04-15,Aurora Blend,East,73,10777
2026-04-15,Aurora Blend,West,70,9929
2026-04-15,Nordic Roast,North,51,7381
2026-04-15,Nordic Roast,South,53,9575
2026-04-15,Nordic Roast,East,52,8101
2026-04-15,Nordic Roast,West,40,6959
2026-04-15,Cascade Tea,North,25,4439
2026-04-15,Cascade Tea,South,36,4823
2026-04-15,Cascade Tea,East,29,4157
2026-04-15,Cascade Tea,West,23,3526
2026-04-15,Ember Cocoa,North,23,3808
2026-04-15,Ember Cocoa,South,24,4205
2026-04-15,Ember Cocoa,East,21,3249
2026-04-15,Ember Cocoa,West,20,2926
2026-05-15,Aurora Blend,North,70,11587
2026-05-15,Aurora Blend,South,99,17046
2026-05-15,Aurora Blend,East,82,11012
2026-05-15,Aurora Blend,West,74,9046
2026-05-15,Nordic Roast,North,50,8009
2026-05-15,Nordic Roast,South,92,12301
2026-05-15,Nordic Roast,East,67,9131
2026-05-15,Nordic Roast,West,41,6351
2026-05-15,Cascade Tea,North,26,4534
2026-05-15,Cascade Tea,South,45,6106
2026-05-15,Cascade Tea,East,36,4584
2026-05-15,Cascade Tea,West,27,3720
2026-05-15,Ember Cocoa,North,20,3284
2026-05-15,Ember Cocoa,South,23,3842
2026-05-15,Ember Cocoa,East,24,3329
2026-05-15,Ember Cocoa,West,19,2806
2026-06-15,Aurora Blend,North,73,12811
2026-06-15,Aurora Blend,South,87,15511
2026-06-15,Aurora Blend,East,71,10991
2026-06-15,Aurora Blend,West,79,10271
2026-06-15,Nordic Roast,North,58,9601
2026-06-15,Nordic Roast,South,97,11923
2026-06-15,Nordic Roast,East,70,10403
2026-06-15,Nordic Roast,West,42,7109
2026-06-15,Cascade Tea,North,38,4880
2026-06-15,Cascade Tea,South,45,6344
2026-06-15,Cascade Tea,East,30,3985
2026-06-15,Cascade Tea,West,19,3073
2026-06-15,Ember Cocoa,North,25,3887
2026-06-15,Ember Cocoa,South,27,3842
2026-06-15,Ember Cocoa,East,27,3940
2026-06-15,Ember Cocoa,West,19,2541
2026-04-15,Aurora Blend,North,890,148000
